{
  "(2, 0, 3, 2)": [
    0.0,
    1.2000000000000002,
    0.0
  ],
  "(1, 1, 2, 2)": [
    2.9405970060000004,
    0.0,
    0.0
  ],
  "(0, 1, 4, 1)": [
    1.3256526355,
    1.1349550000000002,
    1.95169595
  ],
  "(0, 1, 5, 2)": [
    3.118605,
    0.0,
    0.0
  ],
  "(2, 0, 2, 1)": [
    0.13955000000000004,
    0.0,
    2.6701995000000003
  ],
  "(2, 1, 1, 0)": [
    1.1260539200000002,
    0.8,
    0.0
  ],
  "(0, 2, 5, 1)": [
    0.0,
    0.0,
    2.189
  ],
  "(2, 2, 2, 0)": [
    0.0,
    0.6101699,
    1.1
  ],
  "(2, 1, 4, 0)": [
    0.0,
    0.0,
    -0.6775
  ],
  "(2, 0, 3, 3)": [
    2.07907,
    0.0,
    0.0
  ],
  "(2, 0, 2, 2)": [
    0.0,
    1.6745850000000002,
    0.0
  ],
  "(0, 0, 0, 3)": [
    2.37608,
    0.0,
    0.0
  ],
  "(1, 0, 2, 3)": [
    0.16284950000000004,
    0.55955,
    4.13741895
  ],
  "(0, 1, 1, 1)": [
    7.353458768066746,
    3.546700450249472,
    2.4461764789004965
  ],
  "(2, 0, 0, 0)": [
    0.0,
    0.0,
    4.1658457585
  ],
  "(2, 0, 5, 2)": [
    0.0,
    0.6627880000000002,
    2.37608
  ],
  "(1, 2, 5, 3)": [
    0.0,
    0.0,
    0.0
  ],
  "(2, 2, 3, 1)": [
    1.791,
    0.0,
    -0.270002
  ],
  "(0, 1, 2, 2)": [
    4.53145885,
    0.0,
    0.0
  ],
  "(1, 0, 0, 0)": [
    3.781389134878485,
    4.018208150079101,
    0.0
  ],
  "(0, 1, 3, 3)": [
    0.0,
    0.3940399,
    0.0
  ],
  "(0, 1, 5, 0)": [
    0.0,
    2.67309,
    0.0
  ],
  "(2, 0, 4, 1)": [
    0.0,
    2.524585,
    0.0
  ],
  "(0, 0, 3, 1)": [
    0.0,
    2.3815834069,
    5.588114461
  ],
  "(0, 1, 2, 1)": [
    0.0,
    0.0,
    -1.023775
  ],
  "(1, 0, 0, 1)": [
    2.67309,
    0.0,
    0.0
  ],
  "(2, 0, 2, 3)": [
    0.0,
    1.3822488015000003,
    0.0
  ],
  "(2, 2, 0, 3)": [
    2.6097793000000005,
    0.0,
    0.0
  ],
  "(2, 1, 4, 1)": [
    3.940399,
    2.40021401,
    0.0
  ],
  "(0, 1, 4, 2)": [
    5.165880409900001,
    0.0,
    0.0
  ],
  "(2, 1, 1, 1)": [
    0.7527074500000002,
    1.1127436705,
    0.0
  ],
  "(1, 2, 2, 3)": [
    0.0,
    0.0,
    0.7425250000000001
  ],
  "(1, 2, 5, 1)": [
    0.0,
    4.410895509,
    0.0
  ],
  "(1, 1, 4, 3)": [
    3.8542260359400005,
    0.0,
    0.0
  ],
  "(2, 1, 3, 1)": [
    1.6068953453167358,
    0.0,
    2.12338717018595
  ],
  "(1, 2, 4, 1)": [
    0.0,
    0.0,
    5.391094511
  ],
  "(1, 2, 1, 3)": [
    -0.8190200000000001,
    0.0,
    0.0
  ],
  "(2, 2, 1, 1)": [
    0.0,
    2.07907,
    0.0
  ],
  "(0, 0, 1, 0)": [
    0.0,
    3.0502705437720774,
    2.4468002412817373
  ],
  "(2, 1, 2, 2)": [
    0.0,
    0.0,
    2.1865542172653503
  ],
  "(1, 0, 2, 2)": [
    0.0,
    5.44296669554,
    1.6298670025986002
  ],
  "(0, 2, 4, 3)": [
    1.9900000000000002,
    -0.24382509999999996,
    0.0
  ],
  "(1, 2, 4, 3)": [
    0.13755393193399995,
    0.0,
    0.0
  ],
  "(2, 2, 2, 3)": [
    0.0,
    0.0,
    -0.15647450000000002
  ],
  "(0, 2, 2, 3)": [
    0.0,
    0.0,
    0.0
  ],
  "(1, 2, 4, 2)": [
    1.2000000000000002,
    0.0,
    0.15800000000000003
  ],
  "(0, 1, 0, 0)": [
    0.0,
    0.0,
    1.9701995
  ],
  "(1, 2, 2, 0)": [
    1.18804,
    0.0,
    1.102762956
  ],
  "(1, 2, 5, 2)": [
    3.58894452,
    0.0,
    2.6638280000000005
  ],
  "(1, 1, 3, 1)": [
    0.0,
    0.0,
    0.35000000000000003
  ],
  "(1, 1, 1, 0)": [
    0.0,
    2.7084990000000007,
    2.9701000000000004
  ],
  "(2, 0, 1, 0)": [
    6.569887448644845,
    0.0,
    0.0
  ],
  "(1, 0, 1, 1)": [
    0.0,
    1.194,
    1.249174
  ],
  "(1, 2, 2, 2)": [
    2.7582793000000003,
    0.0,
    0.0
  ],
  "(2, 2, 2, 1)": [
    -0.271,
    0.0,
    0.0
  ],
  "(2, 1, 0, 3)": [
    0.0,
    2.5612593500000003,
    0.0
  ],
  "(2, 1, 5, 2)": [
    3.0073041000000007,
    0.0,
    0.0
  ],
  "(0, 2, 3, 0)": [
    0.0,
    4.816635662340522,
    4.632201708716501
  ],
  "(0, 2, 5, 2)": [
    0.0,
    2.2885,
    0.0
  ],
  "(0, 0, 3, 2)": [
    5.590266430826293,
    0.0,
    0.0
  ],
  "(2, 1, 1, 3)": [
    0.0,
    3.118605,
    0.0
  ],
  "(0, 1, 3, 0)": [
    4.900995010000001,
    0.0,
    0.0
  ],
  "(2, 2, 2, 2)": [
    1.648612969432175,
    2.64460140197575,
    0.0
  ],
  "(2, 1, 0, 2)": [
    0.8138472000000001,
    2.37608,
    0.0
  ],
  "(1, 1, 1, 2)": [
    0.0,
    0.0,
    3.940399
  ],
  "(2, 0, 2, 0)": [
    0.0,
    0.1,
    0.0
  ],
  "(2, 1, 2, 1)": [
    0.0,
    0.0,
    5.391094511
  ],
  "(0, 0, 0, 1)": [
    0.0,
    0.0,
    3.118605
  ],
  "(0, 2, 0, 3)": [
    0.0,
    0.0,
    -0.475
  ],
  "(1, 2, 5, 0)": [
    0.827317955,
    1.9701995,
    0.0
  ],
  "(0, 2, 0, 1)": [
    0.0,
    2.388,
    0.0
  ],
  "(0, 2, 5, 0)": [
    0.0,
    0.0,
    2.524585
  ],
  "(1, 1, 4, 0)": [
    0.0,
    9.270636668649589,
    0.0
  ],
  "(1, 1, 1, 3)": [
    0.0,
    0.0,
    0.199
  ],
  "(2, 1, 4, 2)": [
    0.0,
    0.0,
    2.5612593500000003
  ],
  "(2, 2, 4, 2)": [
    0.0,
    0.0,
    0.597
  ],
  "(0, 2, 4, 0)": [
    -0.25,
    0.0,
    0.0
  ],
  "(2, 2, 1, 2)": [
    2.401365,
    0.0,
    0.5011228500000001
  ],
  "(1, 1, 1, 1)": [
    1.1500000000000001,
    0.0,
    1.2035
  ],
  "(2, 0, 4, 3)": [
    0.0,
    0.30334798301999993,
    1.7269618
  ],
  "(1, 0, 5, 1)": [
    0.6000000000000001,
    0.0,
    0.0
  ],
  "(1, 1, 5, 1)": [
    1.4925000000000002,
    0.0,
    0.0
  ],
  "(1, 2, 3, 2)": [
    1.194,
    0.0,
    0.0
  ],
  "(0, 0, 1, 3)": [
    0.0,
    0.0,
    1.592
  ],
  "(1, 1, 0, 1)": [
    1.1500000000000001,
    0.0,
    0.0
  ],
  "(1, 1, 5, 0)": [
    0.0,
    0.0995,
    0.0
  ],
  "(1, 2, 1, 1)": [
    -0.5700000000000001,
    0.0,
    0.0
  ],
  "(1, 0, 2, 1)": [
    0.0,
    1.8905000000000003,
    0.0
  ],
  "(1, 1, 2, 3)": [
    0.0,
    1.039535,
    0.0
  ],
  "(1, 0, 5, 2)": [
    0.8,
    0.0,
    0.0
  ],
  "(2, 2, 5, 2)": [
    0.0,
    3.56412,
    0.0
  ],
  "(1, 1, 2, 1)": [
    0.30951000000000006,
    0.0,
    4.140399
  ],
  "(1, 2, 4, 0)": [
    0.0,
    0.0,
    1.2934999999999999
  ],
  "(2, 1, 5, 1)": [
    2.5612593500000003,
    0.0,
    0.0
  ],
  "(2, 1, 5, 0)": [
    0.0,
    -0.40650000000000003,
    0.0
  ],
  "(2, 2, 4, 3)": [
    1.1420000000000001,
    0.0,
    0.0
  ],
  "(0, 0, 2, 3)": [
    0.21951000000000004,
    1.791,
    0.0
  ],
  "(0, 2, 5, 3)": [
    0.0,
    0.9950000000000001,
    0.0
  ],
  "(0, 0, 3, 0)": [
    1.8905000000000003,
    0.0,
    0.0
  ],
  "(0, 1, 3, 1)": [
    0.0,
    0.55,
    0.0
  ],
  "(2, 2, 1, 3)": [
    0.5,
    0.0,
    0.0
  ],
  "(0, 0, 0, 2)": [
    0.0,
    2.9201,
    0.0
  ],
  "(1, 0, 2, 0)": [
    0.0,
    0.0,
    2.388
  ],
  "(1, 0, 3, 2)": [
    1.9701995,
    0.0,
    0.0
  ],
  "(1, 1, 5, 2)": [
    0.0,
    0.0,
    1.194
  ],
  "(2, 0, 0, 3)": [
    2.6597942000000003,
    0.0,
    0.0
  ],
  "(2, 2, 5, 3)": [
    0.0,
    0.0,
    0.15000000000000002
  ],
  "(2, 0, 3, 1)": [
    2.388,
    0.0,
    0.0
  ],
  "(0, 1, 4, 0)": [
    1.1,
    0.0,
    0.0
  ],
  "(1, 2, 3, 0)": [
    0.795,
    0.5,
    0.0
  ],
  "(0, 0, 2, 0)": [
    0.5,
    0.0,
    0.0
  ],
  "(0, 2, 2, 0)": [
    1.039535,
    0.0,
    0.0
  ],
  "(0, 0, 3, 3)": [
    0.0,
    2.388,
    0.0
  ],
  "(1, 0, 1, 3)": [
    2.37608,
    0.0,
    0.0
  ],
  "(1, 2, 3, 1)": [
    0.0,
    0.0,
    2.524585
  ],
  "(1, 0, 3, 3)": [
    0.9950000000000001,
    0.0,
    0.0
  ],
  "(0, 1, 1, 2)": [
    0.9950000000000001,
    0.0,
    0.0
  ],
  "(1, 2, 0, 0)": [
    0.0,
    1.592,
    0.0
  ],
  "(0, 2, 4, 2)": [
    1.633555,
    0.0,
    0.0
  ],
  "(0, 0, 1, 2)": [
    0.05,
    0.0,
    0.0
  ],
  "(0, 2, 0, 0)": [
    1.8620950000000005,
    0.0,
    1.8905000000000003
  ],
  "(0, 0, 1, 1)": [
    0.0,
    1.05,
    0.0
  ],
  "(2, 0, 5, 0)": [
    0.4,
    0.0,
    0.0
  ],
  "(0, 0, 2, 1)": [
    0.0,
    -0.38,
    0.0
  ],
  "(2, 1, 1, 2)": [
    0.0,
    0.0,
    0.55
  ],
  "(2, 0, 5, 1)": [
    0.0,
    0.0,
    0.0
  ],
  "(2, 0, 4, 2)": [
    0.0,
    0.0,
    0.0
  ],
  "(0, 2, 3, 2)": [
    0.0,
    0.0,
    0.0
  ],